_id,id,title,company,createdAt,category,lat,lng,locationName,locationAreaArr,salaryIsPredicted,salaryMax,salaryMin,redirect_url,description
6015ce9dc8c01d777c7fa876,1957008694,<strong>Salon</strong> Manager,Regis Corporation,2021-01-27T00:14:33Z,Customer Services Jobs,41.850658,-87.669684,"Lower West Side, Chicago","[""US"",""Illinois"",""Cook County"",""Chicago"",""Lower West Side""]",false,null,null,https://www.adzuna.com/land/ad/1957008694?se=PusnkEFj6xGxN42_x_aenQ&utm_medium=api&utm_source=86767575&v=C2DF49B1443F313489AC864F304F9D4FA8F6BA0E,"Are you an experienced stylist or <strong>salon</strong> manager looking for a place to strut your talent and build your career? If you've got a passion for style, strong leadership skills ..."
6015ce9dc8c01d777c7fa877,1638616808,Pet Grooming <strong>Salon</strong> Manager,"PetSmart, Inc.",2020-08-11T14:02:26Z,Retail Jobs,41.868494,-87.673975,"Illinois Medical District, Chicago","[""US"",""Illinois"",""Cook County"",""Chicago"",""Illinois Medical District""]",false,null,null,https://www.adzuna.com/land/ad/1638616808?se=PusnkEFj6xGxN42_x_aenQ&utm_medium=api&utm_source=86767575&v=A7DF9123698B64B133090068224417113F580516,"PET GROOMING <strong>SALON</strong> MANAGER We value your experience and are offering a $2,000 SIGN ON BONUS ABOUT OUR <strong>SALONS</strong>: When our pets inspire us to be to be more loving and caring ...  individuals, it's no surprise that our Grooming <strong>Salon</strong> Manager truly embodies those qualities. With your patience, guidance and passion for helping others, you'll help to lead the operations ..."
6015ce9dc8c01d777c7fa878,1951931555,"<strong>Salon</strong> Sales Consultant (Saloncentric) - Chicago, il","L'OREAL GROUP",2021-01-23T16:06:59Z,Sales Jobs,41.868494,-87.673975,"Illinois Medical District, Chicago","[""US"",""Illinois"",""Cook County"",""Chicago"",""Illinois Medical District""]",false,null,null,https://www.adzuna.com/land/ad/1951931555?se=PusnkEFj6xGxN42_x_aenQ&utm_medium=api&utm_source=86767575&v=E482C2547FA2030EA441BD9DB413DAD21FEFAB96,"<strong>SALON</strong> SALES CONSULTANT Job Title: <strong>Salon</strong> Sales ConsultantLocation: Chicago, IL, must reside within the assigned territoryFunction: Field SalesSupervisor Title: District Sales ..."
6015ce9dc8c01d777c7fa879,1952072196,"<strong>Salon</strong> Sales Consultant (SalonCentric) Chicago, IL","SalonCentric, a subsidiary of L'Oreal USA",2021-01-23T18:06:56Z,Sales Jobs,41.868494,-87.673975,"Illinois Medical District, Chicago","[""US"",""Illinois"",""Cook County"",""Chicago"",""Illinois Medical District""]",false,null,null,https://www.adzuna.com/land/ad/1952072196?se=PusnkEFj6xGxN42_x_aenQ&utm_medium=api&utm_source=86767575&v=6D13E70764F7719C75700BABF0B08F72D17FBA97,"<strong>SALON</strong> SALES CONSULTANT Job Title: <strong>Salon</strong> Sales Consultant Location:Chicago, IL, must reside within the assigned territory Function: Field Sales Supervisor Title: District Sales ...  Manager Company_Overview SalonCentric, a subsidiary of L Or al USA, is the premiere distributor o <strong>salon</strong> professional products in the United States. Through its hundreds of stores ..."
6015ce9dc8c01d777c7fa87a,1962799740,Bather / Groomer Trainee,PetSmart,2021-01-30T09:37:47Z,Retail Jobs,41.868494,-87.673975,"Illinois Medical District, Chicago","[""US"",""Illinois"",""Cook County"",""Chicago"",""Illinois Medical District""]",false,null,null,https://www.adzuna.com/land/ad/1962799740?se=PusnkEFj6xGxN42_x_aenQ&utm_medium=api&utm_source=86767575&v=BCA68E846EBEA73C4B2ECB48EB371C7245B5DDE8,"YOUR GROOMING CAREER: Start your career in grooming as a Groomer Trainee As a Groomer Trainee in our Grooming <strong>Salon</strong>, you’ll have the opportunity to build personal relationships ... . These pets become our own pets while they are in our care, so our number one priority is to get safety certified. Under the guidance of the <strong>salon</strong> leader, you’ll begin your training ..."
6015ce9dc8c01d777c7fa87b,1956580129,Animal Groomer,iHire,2021-01-26T19:00:28Z,Domestic help & Cleaning Jobs,41.8865,-87.6245,"The Gap, Chicago","[""US"",""Illinois"",""Cook County"",""Chicago"",""The Gap""]",false,null,null,https://www.adzuna.com/land/ad/1956580129?se=PusnkEFj6xGxN42_x_aenQ&utm_medium=api&utm_source=86767575&v=D2107B378DD98660E1126485FD870E14229874E1,"Well established pet <strong>salon</strong> looking for an assistant groomer. Must have the ability to trim nails, clean ears, brush/ demat, and be able to use clippers. At least 2 years working ..."
6015ce9dc8c01d777c7fa87c,1937996999,Operations Manager,THAT COLOUR NAILS,2021-01-15T15:46:18Z,Customer Services Jobs,41.868494,-87.673975,"Illinois Medical District, Chicago","[""US"",""Illinois"",""Cook County"",""Chicago"",""Illinois Medical District""]",false,null,null,https://www.adzuna.com/land/ad/1937996999?se=PusnkEFj6xGxN42_x_aenQ&utm_medium=api&utm_source=86767575&v=5802BB1E9FEA2D4861770D696C073502885D6465,"...  candidate is positive, a self-starter, motivated, and reliable. Responsibilities: - Monitor day to day operations of the <strong>salon</strong> and ensure an excellent customer experience as well ...  as implement COVID-19 health and safety protocols- Manage <strong>salon</strong> staff to create a welcoming work environment including management of staff schedule and payroll - Manage inventory, including ..."
6015ce9dc8c01d777c7fa87d,1741144347,Hair Stylist,Regis Corporation,2020-10-04T00:21:14Z,Creative & Design Jobs,41.8782,-87.6254,"The Loop, Chicago","[""US"",""Illinois"",""Cook County"",""Chicago"",""The Loop""]",false,null,null,https://www.adzuna.com/land/ad/1741144347?se=PusnkEFj6xGxN42_x_aenQ&utm_medium=api&utm_source=86767575&v=9590D725D561E4EFE02C253EF7B60FE9035E3D24,". That’s exactly why you need to work at Supercuts – a <strong>salon</strong> that truly understands all things hair and allows you to thrive. You need to be part of the team that is made up of the some ...  at a moment’s notice to keep your customers looking sharp. Supercuts is proud to be part of Regis Corporation, the world's largest and leading hair <strong>salon</strong> company, dedicated to making people ..."
6015ce9dc8c01d777c7fa87e,1741144887,Hair Stylist,Regis Corporation,2020-10-04T00:21:27Z,Creative & Design Jobs,41.850658,-87.669684,"Lower West Side, Chicago","[""US"",""Illinois"",""Cook County"",""Chicago"",""Lower West Side""]",false,null,null,https://www.adzuna.com/land/ad/1741144887?se=PusnkEFj6xGxN42_x_aenQ&utm_medium=api&utm_source=86767575&v=E6344F5B65B4923BC927FF3FB68B489ECC08BEC5,". That’s exactly why you need to work at Supercuts – a <strong>salon</strong> that truly understands all things hair and allows you to thrive. You need to be part of the team that is made up of the some ...  at a moment’s notice to keep your customers looking sharp. Supercuts is proud to be part of Regis Corporation, the world's largest and leading hair <strong>salon</strong> company, dedicated to making people ..."
6015ce9dc8c01d777c7fa87f,1741145321,Hair Stylist,Regis Corporation,2020-10-04T00:21:34Z,Creative & Design Jobs,41.8884,-87.6351,"River North, Chicago","[""US"",""Illinois"",""Cook County"",""Chicago"",""River North""]",false,null,null,https://www.adzuna.com/land/ad/1741145321?se=PusnkEFj6xGxN42_x_aenQ&utm_medium=api&utm_source=86767575&v=2710B27DFE5F17C46DE0CFBA40CF026851D3A065,". That’s exactly why you need to work at Supercuts – a <strong>salon</strong> that truly understands all things hair and allows you to thrive. You need to be part of the team that is made up of the some ...  at a moment’s notice to keep your customers looking sharp. Supercuts is proud to be part of Regis Corporation, the world's largest and leading hair <strong>salon</strong> company, dedicated to making people ..."
6015ce9dc8c01d777c7fa880,1741145326,Hair Stylist,Regis Corporation,2020-10-04T00:21:34Z,Creative & Design Jobs,41.8865,-87.6245,"The Gap, Chicago","[""US"",""Illinois"",""Cook County"",""Chicago"",""The Gap""]",false,null,null,https://www.adzuna.com/land/ad/1741145326?se=uAOzkEFj6xGXxDQ1DXKkCg&utm_medium=api&utm_source=86767575&v=B78E8FDD1E8C9F3C9B535E98328EFA509C2C27FE,". That’s exactly why you need to work at Supercuts – a <strong>salon</strong> that truly understands all things hair and allows you to thrive. You need to be part of the team that is made up of the some ...  at a moment’s notice to keep your customers looking sharp. Supercuts is proud to be part of Regis Corporation, the world's largest and leading hair <strong>salon</strong> company, dedicated to making people ..."
6015ce9dc8c01d777c7fa881,1963048136,Sales Coordinator - Joico,Henkel,2021-01-30T13:02:36Z,Sales Jobs,41.868494,-87.673975,"Illinois Medical District, Chicago","[""US"",""Illinois"",""Cook County"",""Chicago"",""Illinois Medical District""]",false,null,null,https://www.adzuna.com/land/ad/1963048136?se=uAOzkEFj6xGXxDQ1DXKkCg&utm_medium=api&utm_source=86767575&v=80D83563CA8CEE5AA3896A5474E7EAB1C3B769A3,", and auditing all related invoices. Complete monthly sales analysis. Includes POS results, category sales, key account <strong>salon</strong> sales data, performance vs. budget and plan. Monitor bimonthly ..."
6015ce9dc8c01d777c7fa882,1638616508,Pet Groomer,"PetSmart, Inc.",2020-08-11T14:02:24Z,Hospitality & Catering Jobs,41.868494,-87.673975,"Illinois Medical District, Chicago","[""US"",""Illinois"",""Cook County"",""Chicago"",""Illinois Medical District""]",false,null,null,https://www.adzuna.com/land/ad/1638616508?se=uAOzkEFj6xGXxDQ1DXKkCg&utm_medium=api&utm_source=86767575&v=E74FA0C2D870DAD6D62DC6EF82FE71DC07F53340,"We value your experience and are offering a $2,000 sign on bonus ABOUT OUR <strong>SALONS</strong>: Let your creativity shine as an experienced Pet Groomer In our Grooming <strong>Salon</strong>, you'll have ...  your career as a <strong>Salon</strong> Leader, Store Leader, or District Academy Trainer THE WARM AND FUZZIES: We've highlighted job responsibilities and programs as best as we could above ..."
6015ce9dc8c01d777c7fa883,1638616355,Bather / Groomer Trainee,"PetSmart, Inc.",2020-08-11T14:02:22Z,Customer Services Jobs,41.868494,-87.673975,"Illinois Medical District, Chicago","[""US"",""Illinois"",""Cook County"",""Chicago"",""Illinois Medical District""]",false,null,null,https://www.adzuna.com/land/ad/1638616355?se=uAOzkEFj6xGXxDQ1DXKkCg&utm_medium=api&utm_source=86767575&v=4D195E9930D7E04BB59ABB5F2C43AF4699F5DED7,"YOUR GROOMING CAREER: Start your career in grooming as a Groomer Trainee As a Groomer Trainee in our Grooming <strong>Salon</strong>, you'll have the opportunity to build personal relationships ... . These pets become our own pets while they are in our care, so our number one priority is to get safety certified. Under the guidance of the <strong>salon</strong> leader, you'll begin your training ..."
6015ce9dc8c01d777c7fa884,1956522022,Advertising Specialist,behindthechair.com,2021-01-26T18:54:09Z,"PR, Advertising & Marketing Jobs",41.8884,-87.6351,"River North, Chicago","[""US"",""Illinois"",""Cook County"",""Chicago"",""River North""]",false,null,null,https://www.adzuna.com/land/ad/1956522022?se=uAOzkEFj6xGXxDQ1DXKkCg&utm_medium=api&utm_source=86767575&v=0FD62D78AE3802FE011390DD3AE35621BDE7585B,"Facebook Ads Specialist Behindthechair.com is the world leader in <strong>salon</strong> media, working with the top celebrity stylists and colorists who create the hair trends that consumers wear ..."
6015ce9dc8c01d777c7fa885,1944166018,Pet Stylist,Animal Lovers Pet Salon,2021-01-19T16:39:54Z,Domestic help & Cleaning Jobs,41.868494,-87.673975,"Illinois Medical District, Chicago","[""US"",""Illinois"",""Cook County"",""Chicago"",""Illinois Medical District""]",false,null,null,https://www.adzuna.com/land/ad/1944166018?se=uAOzkEFj6xGXxDQ1DXKkCg&utm_medium=api&utm_source=86767575&v=B590D861EE1B7A8B8713C9060768E063FFCD76FF,"Well established pet <strong>salon</strong> looking for an assistant groomer. Must have the ability to trim nails, clean ears, brush/ demat, and be able to use clippers. At least 2 years working ..."
6015ce9dc8c01d777c7fa886,1931321941,Cosmetology Educator,Douglas J Aveda Institutes & Salons,2021-01-12T16:55:34Z,Creative & Design Jobs,41.868494,-87.673975,"Illinois Medical District, Chicago","[""US"",""Illinois"",""Cook County"",""Chicago"",""Illinois Medical District""]",false,null,null,https://www.adzuna.com/land/ad/1931321941?se=uAOzkEFj6xGXxDQ1DXKkCg&utm_medium=api&utm_source=86767575&v=B680D2E5FE95B1218AF03308887B6A6DD5EF9E22,"Job Description Cosmetology Educator – Inspire, Motivate, and Cultivate new talent coming into the <strong>salon</strong> industry Are you an experienced Hair Stylist or Cosmetology Educator ..."
6015ce9dc8c01d777c7fa887,1570219702,Barber/Cosmetologist (clients required) Chair Rental or Comission,HOUSE OF CUTS & STYLES,2020-06-10T22:25:18Z,Creative & Design Jobs,41.868494,-87.673975,"Illinois Medical District, Chicago","[""US"",""Illinois"",""Cook County"",""Chicago"",""Illinois Medical District""]",false,null,null,https://www.adzuna.com/land/ad/1570219702?se=uAOzkEFj6xGXxDQ1DXKkCg&utm_medium=api&utm_source=86767575&v=C9335125CD9F0099B0DBDF6477B3DAFB61279068,"Full service barber shop & women's <strong>salon</strong> in Jefferson Park. Looking for dynamic, passionate individuals with active barber license (experience preferred).  Need barbers ..."
6015ce9dc8c01d777c7fa888,1956304205,Nail Technician,THAT COLOUR NAILS,2021-01-26T16:08:11Z,Customer Services Jobs,41.868494,-87.673975,"Illinois Medical District, Chicago","[""US"",""Illinois"",""Cook County"",""Chicago"",""Illinois Medical District""]",false,null,null,https://www.adzuna.com/land/ad/1956304205?se=uAOzkEFj6xGXxDQ1DXKkCg&utm_medium=api&utm_source=86767575&v=ECEF4B5E7D0A23FBAAFD8376EACDD066CA461EFA,"That Colour Nails Featured in Anna's <strong>Salon</strong> 4th floor on the Magnificent Mag Mile in the Water Place Mall Chicago Illinois. We looking for nail technicians to join our Fab Squad ..."
6015ce9dc8c01d777c7fa889,1914169243,Manager,THAT COLOUR NAILS,2021-01-02T15:41:59Z,"PR, Advertising & Marketing Jobs",41.868494,-87.673975,"Illinois Medical District, Chicago","[""US"",""Illinois"",""Cook County"",""Chicago"",""Illinois Medical District""]",false,null,null,https://www.adzuna.com/land/ad/1914169243?se=uAOzkEFj6xGXxDQ1DXKkCg&utm_medium=api&utm_source=86767575&v=0334364F04EBA7FCC2F758E13BB48BE41336386B,"...  and other marketing software, Create content for IG Nail post and IG stories Qualifications Previous <strong>salon</strong> management experience High School Diploma or equivalent Strong leadership skills ..."
6015ce9dc8c01d777c7fa88a,1638616778,Pets Hotel Night Pet Care Specialist,"PetSmart, Inc.",2020-08-11T14:02:26Z,Hospitality & Catering Jobs,41.868494,-87.673975,"Illinois Medical District, Chicago","[""US"",""Illinois"",""Cook County"",""Chicago"",""Illinois Medical District""]",false,null,null,https://www.adzuna.com/land/ad/1638616778?se=uEolkUFj6xGnMJeeYXUQsw&utm_medium=api&utm_source=86767575&v=3C9224DB98A6E1BF5D78FA162934FA682D1614E0,"...  experience in a different business unit-from the Pets Hotel to the store to the <strong>salon</strong> - Develop your leadership skills as a Pets Hotel Assistant Manager or Retail Store Department Manager ...  when you help her mom select the best food for her upset tummy and her delight when it turns out to be chicken flavored - It's the pride of the giving Mickey a makeover in our <strong>salons</strong> ..."
6015ce9dc8c01d777c7fa88b,1638616718,Early Morning Stocker,"PetSmart, Inc.",2020-08-11T14:02:25Z,Retail Jobs,41.868494,-87.673975,"Illinois Medical District, Chicago","[""US"",""Illinois"",""Cook County"",""Chicago"",""Illinois Medical District""]",false,null,null,https://www.adzuna.com/land/ad/1638616718?se=uEolkUFj6xGnMJeeYXUQsw&utm_medium=api&utm_source=86767575&v=86EAA231ADAC3DF60603B0F82A5C36DFE7E92A5E,"...  of your career. With PetSmart, you will have opportunities to: - Gain experience in a different business unit-from the store to the <strong>salon</strong> or the Pets Hotel - Develop your leadership ...  mom select the best food for her upset tummy and her delight when it turns out to be chicken flavored - It's the pride of the giving Mickey a makeover in our <strong>salons</strong> watching him ..."
6015ce9dc8c01d777c7fa88c,1638616469,Pets Hotel Associate,"PetSmart, Inc.",2020-08-11T14:02:23Z,Hospitality & Catering Jobs,41.868494,-87.673975,"Illinois Medical District, Chicago","[""US"",""Illinois"",""Cook County"",""Chicago"",""Illinois Medical District""]",false,null,null,https://www.adzuna.com/land/ad/1638616469?se=uEolkUFj6xGnMJeeYXUQsw&utm_medium=api&utm_source=86767575&v=C1D77C5D24D0364FDF730E5F77600D01590BFCB5,"...  be with you at every stage of your career. With PetSmart, you will have opportunities to: - Gain experience in a different business unit-from the Pets Hotel to the store to the <strong>salon</strong> ...  it turns out to be chicken flavored - It's the pride of the giving Mickey a makeover in our <strong>salons</strong> watching him strut his stuff on the way out. Paws off, ladies, he's taken - It's the joy ..."
6015ce9dc8c01d777c7fa88d,1638616973,Pets Hotel Manager,"PetSmart, Inc.",2020-08-11T14:02:28Z,Hospitality & Catering Jobs,41.868494,-87.673975,"Illinois Medical District, Chicago","[""US"",""Illinois"",""Cook County"",""Chicago"",""Illinois Medical District""]",false,null,null,https://www.adzuna.com/land/ad/1638616973?se=uEolkUFj6xGnMJeeYXUQsw&utm_medium=api&utm_source=86767575&v=DCB6E6947C5792789F1F7FCC0580DE85E1CB861A,"...  to the retail store to the <strong>salon</strong> - Develop your leadership skills as an Assistant Store Manager or a Store Manager - Tackle the challenge of a new hotel opening or turn around a struggling ... . And not just any goldfish, but that one, right there, no not that one, this one, yea - It's the pride of the giving Mickey a makeover in our <strong>salons</strong> watching him strut his stuff on the way out ..."
6015ce9dc8c01d777c7fa88e,1638616416,Assistant Store Manager,"PetSmart, Inc.",2020-08-11T14:02:23Z,Retail Jobs,41.868494,-87.673975,"Illinois Medical District, Chicago","[""US"",""Illinois"",""Cook County"",""Chicago"",""Illinois Medical District""]",false,null,null,https://www.adzuna.com/land/ad/1638616416?se=uEolkUFj6xGnMJeeYXUQsw&utm_medium=api&utm_source=86767575&v=52BC110E75B3C88C06600CFD47EA2ABC3AE373AC,"...  the store to the <strong>salon</strong> or the Pets Hotel - Develop your leadership skills as a Store Manager then a District Manager - Tackle the challenge of a new store opening or turning around ...  flavored - It's the pride of the giving Mickey a makeover in our <strong>salons</strong> watching him strut his stuff on the way out. Paws off, ladies, he's taken - It's the joy of reuniting Frankie ..."
6015ce9dc8c01d777c7fa88f,1638616369,Pet Trainer,"PetSmart, Inc.",2020-08-11T14:02:22Z,Customer Services Jobs,41.868494,-87.673975,"Illinois Medical District, Chicago","[""US"",""Illinois"",""Cook County"",""Chicago"",""Illinois Medical District""]",false,null,null,https://www.adzuna.com/land/ad/1638616369?se=uEolkUFj6xGnMJeeYXUQsw&utm_medium=api&utm_source=86767575&v=5A96ED6A79C43532D769D261C9EDAEC78E5A62D5,"...  in a different business unit-from the store to the <strong>salon</strong> or the Pets Hotel - Develop your leadership skills as a department manager - Transfer to any one of our 1600 stores nationwide THE WARM ...  when you help her mom select the best food for her upset tummy and her delight when it turns out to be chicken flavored - It's the pride of the giving Mickey a makeover in our <strong>salons</strong> ..."
6015ce9dc8c01d777c7fa890,1638616484,Associate Manager PT/FT,"PetSmart, Inc.",2020-08-11T14:02:23Z,Retail Jobs,41.868494,-87.673975,"Illinois Medical District, Chicago","[""US"",""Illinois"",""Cook County"",""Chicago"",""Illinois Medical District""]",false,null,null,https://www.adzuna.com/land/ad/1638616484?se=uEolkUFj6xGnMJeeYXUQsw&utm_medium=api&utm_source=86767575&v=7D69864836C5E638770BC8B47CBC5BB426E52FD9,"...  to: - Gain experience in a different business unit-from the store to the <strong>salon</strong> or the Pets Hotel - Develop your leadership skills as an Assistant Manager or Store Manager - Tackle ...  it turns out to be chicken flavored - It's the pride of the giving Mickey a makeover in our <strong>salons</strong> watching him strut his stuff on the way out. Paws off, ladies, he's taken - It's the joy ..."
6015ce9dc8c01d777c7fa891,1638617121,Customer Engagement Manager,"PetSmart, Inc.",2020-08-11T14:02:29Z,Retail Jobs,41.868494,-87.673975,"Illinois Medical District, Chicago","[""US"",""Illinois"",""Cook County"",""Chicago"",""Illinois Medical District""]",false,null,null,https://www.adzuna.com/land/ad/1638617121?se=uEolkUFj6xGnMJeeYXUQsw&utm_medium=api&utm_source=86767575&v=C3715C17D5A1B6578CC4E03277FD0C6BB60EFE4D,"...  in a different business unit-from the store to the <strong>salon</strong> or the Pets Hotel - Develop your leadership skills as an Assistant Manager or Store Manager - Tackle the challenge of a new store ...  flavored - It's the pride of the giving Mickey a makeover in our <strong>salons</strong> watching him strut his stuff on the way out. Paws off, ladies, he's taken - It's the joy of reuniting Frankie ..."
6015ce9dc8c01d777c7fa892,1638616500,Part Time Seasonal Associate,"PetSmart, Inc.",2020-08-11T14:02:23Z,Part time Jobs,41.868494,-87.673975,"Illinois Medical District, Chicago","[""US"",""Illinois"",""Cook County"",""Chicago"",""Illinois Medical District""]",false,null,null,https://www.adzuna.com/land/ad/1638616500?se=uEolkUFj6xGnMJeeYXUQsw&utm_medium=api&utm_source=86767575&v=7AB85694D982C20BC5A665944D9A888F84B85483,"...  the store to the <strong>salon</strong> or the Pets Hotel - Develop your leadership skills as a Department or Assistant Manager role - Tackle the challenge of a new store opening - Transfer to any one ...  a makeover in our <strong>salons</strong> watching him strut his stuff on the way out. Paws off, ladies, he's taken - It's the joy of reuniting Frankie with her family after a fun stay in our Pets Hotel ..."
6015ce9dc8c01d777c7fa893,1638616553,Merchandising and Inventory Manager,"PetSmart, Inc.",2020-08-11T14:02:24Z,Retail Jobs,41.868494,-87.673975,"Illinois Medical District, Chicago","[""US"",""Illinois"",""Cook County"",""Chicago"",""Illinois Medical District""]",false,null,null,https://www.adzuna.com/land/ad/1638616553?se=uEolkUFj6xGnMJeeYXUQsw&utm_medium=api&utm_source=86767575&v=0E2D439C5EA43FF5CED66D779036A2CD61B7B336,"-from the store to the <strong>salon</strong> or the Phoenix Home Office - Develop your leadership skills as an Assistant Manager or Store Manager - Tackle the challenge of a new store opening ... 's the pride of the giving Mickey a makeover in our <strong>salons</strong> watching him strut his stuff on the way out. Paws off, ladies, he's taken - It's the joy of reuniting Frankie with her family after ..."
6015ce9dc8c01d777c7fa894,1638616558,Retail Sales Associate,"PetSmart, Inc.",2020-08-11T14:02:24Z,Retail Jobs,41.868494,-87.673975,"Illinois Medical District, Chicago","[""US"",""Illinois"",""Cook County"",""Chicago"",""Illinois Medical District""]",false,null,null,https://www.adzuna.com/land/ad/1638616558?se=ZICnkUFj6xGxN42_x_aenQ&utm_medium=api&utm_source=86767575&v=2E52B389818D77507A69303AC66935EDCFE5FD0E,"...  in a different business unit-from the store to the <strong>salon</strong> or the Pets Hotel - Develop your leadership skills as a Department or Assistant Manager role - Tackle the challenge of a new store ...  flavored - It's the pride of the giving Mickey a makeover in our <strong>salons</strong> watching him strut his stuff on the way out. Paws off, ladies, he's taken - It's the joy of reuniting Frankie ..."
6015ce9dc8c01d777c7fa895,1638617280,Pets Hotel Assistant Manager,"PetSmart, Inc.",2020-08-11T14:02:31Z,Hospitality & Catering Jobs,41.868494,-87.673975,"Illinois Medical District, Chicago","[""US"",""Illinois"",""Cook County"",""Chicago"",""Illinois Medical District""]",false,null,null,https://www.adzuna.com/land/ad/1638617280?se=ZICnkUFj6xGxN42_x_aenQ&utm_medium=api&utm_source=86767575&v=25F0DA01F7EFCEEC3F9618B42A6F9B41AE3AC228,"...  to the retail store to the <strong>salon</strong> - Develop your leadership skills as an Assistant Store Manager or a Hotel Manager - Tackle the challenge of a new hotel opening or turn around a struggling ... . And not just any goldfish, but that one, right there, no not that one, this one, yea - It's the pride of the giving Mickey a makeover in our <strong>salons</strong> watching him strut his stuff on the way out ..."
6015ce9dc8c01d777c7fa896,1638616502,Retail Store Manager,"PetSmart, Inc.",2020-08-11T14:02:23Z,Retail Jobs,41.868494,-87.673975,"Illinois Medical District, Chicago","[""US"",""Illinois"",""Cook County"",""Chicago"",""Illinois Medical District""]",false,null,null,https://www.adzuna.com/land/ad/1638616502?se=ZICnkUFj6xGxN42_x_aenQ&utm_medium=api&utm_source=86767575&v=65FFCFFDAECBD90CAD7E4412DEA14CA8FB31E0C2,"...  than just the merchandise-it's the services that we offer that are fast growing areas of our business. Although our Grooming <strong>Salon</strong> and our Pets Hotel do have their own leaders ...  mom select the best food for her upset tummy and her delight when it turns out to be chicken flavored - It's the pride of the giving Mickey a makeover in our <strong>salons</strong> watching him ..."
6015ce9dc8c01d777c7fa897,1940435572,Dosing Specialist,Illinois Equity Staffing LLC,2021-01-17T00:50:34Z,Healthcare & Nursing Jobs,41.868494,-87.673975,"Illinois Medical District, Chicago","[""US"",""Illinois"",""Cook County"",""Chicago"",""Illinois Medical District""]",false,null,null,https://www.adzuna.com/land/ad/1940435572?se=ZICnkUFj6xGxN42_x_aenQ&utm_medium=api&utm_source=86767575&v=488CD823BA9FC033AE08CD50117DB9437B8295EC,"...  practices for FDA rules on permissible CBD language and claims. Participate at events when dosage consultations are needed for the scope of the event (home <strong>salons</strong>, educational events, etc ..."
6015ce9dc8c01d777c7fa898,1934577569,District Manager- CosmoProf,Sally Beauty,2021-01-14T00:28:11Z,Sales Jobs,41.868494,-87.673975,"Illinois Medical District, Chicago","[""US"",""Illinois"",""Cook County"",""Chicago"",""Illinois Medical District""]",false,null,null,https://www.adzuna.com/land/ad/1934577569?se=ZICnkUFj6xGxN42_x_aenQ&utm_medium=api&utm_source=86767575&v=66101DFF945AB647A771DA4254C33983B7E3A825,...  to licensed professionals in the Beauty Industry and are committed to making our <strong>salon</strong> professional customers feel inspired to be their best We don’t just service the customer - we connect ...
6015ce9dc8c01d777c7fa899,1952818853,Sales Account Executive,US Energy Co.,2021-01-24T09:36:24Z,Sales Jobs,41.868494,-87.673975,"Illinois Medical District, Chicago","[""US"",""Illinois"",""Cook County"",""Chicago"",""Illinois Medical District""]",false,null,null,https://www.adzuna.com/land/ad/1952818853?se=ZICnkUFj6xGxN42_x_aenQ&utm_medium=api&utm_source=86767575&v=5889470EEEE39C0E0D9E191F578D34EF793C4E3C,"...  Energy’s solutions to close sales in our target vertical markets (restaurants, retail, medical, lodging, auto repair, <strong>salons</strong>, etc.). Daily Duties for Sales Account Executives: Manage your ..."
6015ce9dc8c01d777c7fa89a,1960011251,Dental Office Manager,Smile On Dental Salon & Sleep Apnea Center,2021-01-28T15:09:15Z,Admin Jobs,41.868494,-87.673975,"Illinois Medical District, Chicago","[""US"",""Illinois"",""Cook County"",""Chicago"",""Illinois Medical District""]",false,null,null,https://www.adzuna.com/land/ad/1960011251?se=ZICnkUFj6xGxN42_x_aenQ&utm_medium=api&utm_source=86767575&v=003829C56E50C94FB26C0E47F1EBD7EF58DCEEF8,"Smile On, a well establish dental and sleep apnea solution practice, has experienced significant growth over the last year including opening an additional practice. All of this growth has created the need for an experienced office manager for our Lakeview office. We are looking forward to the addition of a leader who thrives in a busy, team focused, goal oriented environment. The ideal candidate will have a minimum of 5 years dental front desk experience with at least 2 years in a management ro…"
6015ce9dc8c01d777c7fa89b,1937620773,Co Organizing Director,One Fair Wage,2021-01-15T09:38:01Z,Social work Jobs,41.868494,-87.673975,"Illinois Medical District, Chicago","[""US"",""Illinois"",""Cook County"",""Chicago"",""Illinois Medical District""]",false,null,null,https://www.adzuna.com/land/ad/1937620773?se=ZICnkUFj6xGxN42_x_aenQ&utm_medium=api&utm_source=86767575&v=0F57388BBD45471A59C474A56768D764AF806B6A,"...  tipped restaurant workers, nail <strong>salon</strong> and car wash workers, drivers and delivery workers at app-based companies, etc. Today, One Fair Wage legislation is moving in many states ..."
6015ce9dc8c01d777c7fa89c,1942192046,Hospital Vet Tech,Petco,2021-01-18T12:49:44Z,Healthcare & Nursing Jobs,41.868494,-87.673975,"Illinois Medical District, Chicago","[""US"",""Illinois"",""Cook County"",""Chicago"",""Illinois Medical District""]",false,null,null,https://www.adzuna.com/land/ad/1942192046?se=ZICnkUFj6xGxN42_x_aenQ&utm_medium=api&utm_source=86767575&v=3FE34598F71AF5E5B9604F8299B184C65A6368A5,"...  with delivering the very best experiences for pets and their parents guides all we do. From our convenient, affordable pet <strong>salon</strong> services to our extensive array of training classes and workshops ..."
6015ce9dc8c01d777c7fa89d,1937619222,Hospital Vet Tech,Petco,2021-01-15T09:37:53Z,Healthcare & Nursing Jobs,41.921766,-87.657432,"Sheffield Neighbors, Chicago","[""US"",""Illinois"",""Cook County"",""Chicago"",""Sheffield Neighbors""]",false,null,null,https://www.adzuna.com/land/ad/1937619222?se=ZICnkUFj6xGxN42_x_aenQ&utm_medium=api&utm_source=86767575&v=1DC223E6E5BD67A462B3AD7A755F95FA0AC15C61,"...  best care of their pets. Our obsession with delivering the very best experiences for pets and their parents guides all we do. From our convenient, affordable pet <strong>salon</strong> services to our ..."
6015ce9dc8c01d777c7fa89e,1944173331,Esthiology Educator in Training,Douglas J Aveda Institutes & Salons,2021-01-19T16:49:31Z,Teaching Jobs,41.868494,-87.673975,"Illinois Medical District, Chicago","[""US"",""Illinois"",""Cook County"",""Chicago"",""Illinois Medical District""]",false,null,null,https://www.adzuna.com/land/ad/1944173331?se=2pNPkkFj6xGxN42_x_aenQ&utm_medium=api&utm_source=86767575&v=55C15EFE9BD991C84F9F05028265FC45727CA862,Job Description We’re looking for experienced skincare specialists and Licensed Esthiology Educators to inspire and educate our daytime and evening students. We will provide training on Aveda Products & Services Our student curriculum is taught through Pivot Point’s LAB Education on iPads Educators have the opportunity to teach in the classroom and/or oversee our spa clinic
6015ce9dc8c01d777c7fa89f,1944173371,Esthiology Educator,Douglas J Aveda Institutes & Salons,2021-01-19T16:49:31Z,Teaching Jobs,41.868494,-87.673975,"Illinois Medical District, Chicago","[""US"",""Illinois"",""Cook County"",""Chicago"",""Illinois Medical District""]",false,null,null,https://www.adzuna.com/land/ad/1944173371?se=2pNPkkFj6xGxN42_x_aenQ&utm_medium=api&utm_source=86767575&v=48C48DC66B92717F623CE045AE439C049C3E325D,"Job Description Esthiology Educator – Inspire, Motivate, and Cultivate new talent coming into the spa industry Are you an experienced skincare specialist or Esthiology Educator passionate about sharing your skincare experience and expertise with new talent coming into our industry? About The Position: We’re looking for experienced skincare specialists and Licensed Esthiology Educators to inspire and educate our daytime and evening students. We will provide training on Aveda Products & Services …"